Feature,Importance
euribor3m,0.1521866564058829
nr.employed,0.1302125553639822
days_since_previous_contact,0.07854826627902171
previously_contacted,0.07523790535074344
emp.var.rate,0.06308473949900643
cons.conf.idx,0.05952657854074981
poutcome_success,0.05802015761040617
age,0.050699168002238615
cons.price.idx,0.04611703705977493
campaign_capped,0.018508138898348386
previous,0.016442164591033977
poutcome_nonexistent,0.013616442284402275
contact_telephone,0.013056936491599523
month_may,0.012137624433773008
month_mar,0.01195273905886833
month_oct,0.01169895955051638
age_group_60 and over,0.011341968492280498
poutcome_failure,0.010655273537093203
contact_cellular,0.01037969659066081
day_of_week_mon,0.008159028424164447
education_university.degree,0.007736169357166209
housing_no,0.006856070441627979
housing_yes,0.0064873968445466855
month_apr,0.0058982636692729625
day_of_week_thu,0.00588823774180979
marital_single,0.005621082672284972
age_group_25 to 39,0.0055858134268739
job_admin.,0.005527753071262963
marital_married,0.005492279134025225
month_jun,0.005255883438055455
age_group_40 to 59,0.0052242656182183355
day_of_week_fri,0.0050623272289493605
day_of_week_tue,0.005055926990181849
day_of_week_wed,0.004933611085878621
education_high.school,0.004470343179471844
job_technician,0.004107904213250766
job_blue-collar,0.004024787573447221
job_retired,0.003618349666660478
default_unknown,0.003524637859234869
education_professional.course,0.003412052905315115
loan_no,0.0033685161524777706
job_student,0.003313072504080663
default_no,0.003172018366533422
month_sep,0.0031276795986773485
loan_yes,0.0030340270157645345
education_basic.9y,0.0029313956171498363
month_jul,0.002904372342518806
month_aug,0.002578191186798334
month_nov,0.002502806417980018
education_basic.4y,0.002113757193304493
marital_divorced,0.0020700081167902332
job_management,0.0019277640227134069
job_services,0.0017802713953491405
age_group_under 25,0.0017205853996070254
education_unknown,0.0016528462423569081
month_dec,0.001082605856304537
education_basic.6y,0.001037998957876095
job_self-employed,0.0009962810818702247
job_entrepreneur,0.000881655113514987
job_housemaid,0.0005884001607165369
job_unemployed,0.0005321859662763273
housing_unknown,0.00046959337085081097
loan_unknown,0.0004290111319326588
job_unknown,0.00032079118953168425
marital_unknown,9.897301694260712e-05
